{
  "length": 19.637931034482758,
  "y": 29.189655172413794,
  "siblingIndex": 0.5862068965517241,
  "width": 0,
  "height": 0,
  "visible": 0,
  "depth": 0,
  "numChildren": 0
}