{"length": 19.91566265060241, "y": 35.566265060240966, "siblingIndex": 0.46987951807228917, "width": 0.0, "height": 0.0, "depth": 0.0, "numChildren": 0.0}