{"length": 18.458333333333332, "y": 18.416666666666668, "siblingIndex": 0.2916666666666667, "width": 0.0, "height": 0.0, "depth": 0.0, "numChildren": 0.0}